Date,8ED,MRD,DST,5DN,CHK,BOK,SOK,9ED,RAV,GPT,DIS,CSP,TSP,TSB,PLC,FUT,10E,LRW,MOR,SHM,EVE,ALA,CON,ARB,M10,ZEN,WWK,ROE,M11,SOM,MBS,NPH,M12,ISD,DKA,AVR,M13,RTR,GTC,DGM,M14,THS,BNG,JOU,M15,KTK,FRF,DTK,ORI,BFZ,OGW,W16,SOI,EMN,KLD,AER,W17,AKH,HOU,XLN,RIX,DOM,M19,GRN,RNA,WAR,MH1,M20,ELD,THB,IKO,M21,ZNR,KHM,STX,MH2,AFR,MID,VOW,NEO,SNC,DMU,BRO,ONE,MOM,MAT,LTR,WOE,LCI,MKM,OTJ,MH3,ACR,BIG,BLB,DSK,FDN,Other
2017/5,1.57,2.22,1.94,3.82,2.87,0,0.62,1.01,2.99,1.03,0.18,0.59,4.16,0.21,0.72,2.81,0.36,3.61,0.52,2.99,1.24,2.63,3.79,1.24,1.65,2.27,3.1,2.68,3.05,3.64,1.6,3.61,0.57,3.46,3.2,0.18,0.67,3.51,0.96,0.23,0.54,1.16,0.34,0.77,0.39,1.65,0.67,1.29,0.31,1.29,3.46,0,1.91,2.84,1.03,3.25,0,1.57,0,0,0,0,0,0,0,0,0,0,0,0,0,0,0,0,0,0,0,0,0,0,0,0,0,0,0,0,0,0,0,0,0,0,0,0,0,0,0,0
2017/6,1.4,2.01,1.24,3.48,1.47,0.03,0.6,0.23,2.76,0.92,0.38,0.5,3.35,0.66,1.02,3.67,0.34,4.67,1.4,2.17,0.41,2.26,3.35,2.45,1.74,2.8,3.48,3.37,1.78,3.05,1.15,3.24,0.66,3.86,3.54,0.04,0.5,3.7,1.11,0.17,0.92,1.68,0.19,0.54,0.48,2.48,1.33,1.47,0.79,1.25,3.57,0,1.59,3.19,1.5,2.77,0,1.28,0,0,0,0,0,0,0,0,0,0,0,0,0,0,0,0,0,0,0,0,0,0,0,0,0,0,0,0,0,0,0,0,0,0,0,0,0,0,0,0
2017/7,2.71,2.23,1.28,3.77,2.45,0.04,0.71,0.9,2.27,0.96,0.41,0.56,3.38,0.39,1.09,2.55,0.6,3.82,1.61,2.27,0.52,3.05,3.45,1.47,1.93,2.21,2.65,3.33,3.17,3.37,0.95,3.48,0.32,3.95,3.14,0.45,0.41,3.87,0.92,0.13,0.65,1.84,0.12,0.51,0.38,1.56,0.64,1.05,0.86,1.38,5,0,1.52,2.49,0.92,2.84,0,1.37,0.12,0,0,0,0,0,0,0,0,0,0,0,0,0,0,0,0,0,0,0,0,0,0,0,0,0,0,0,0,0,0,0,0,0,0,0,0,0,0,0
2017/8,2.27,2.96,1.5,4.24,2.81,0.15,0.81,1.04,3.01,1.13,0.24,0.22,3.69,0.31,0.98,2.19,0.49,2.93,1.35,2.1,0.73,3.02,3.53,1.21,1.87,3.13,2.8,2.65,2.64,3.11,0.93,4.12,0.33,4.09,2.5,0.36,0.36,3.93,1.1,0.31,0.36,1.45,0.28,0.5,0.4,1.69,0.65,1.02,0.9,1.42,5.69,0,1.26,1.7,1.01,2.89,0,1.24,0.39,0,0,0,0,0,0,0,0,0,0,0,0,0,0,0,0,0,0,0,0,0,0,0,0,0,0,0,0,0,0,0,0,0,0,0,0,0,0,0.04
2017/9,2.74,1.52,1.32,3.75,2.41,0.07,0.71,0.99,3.05,1.13,0.35,0.8,4.02,0.61,1,3.33,0.52,3.58,1.73,2.31,0.87,2.71,3.07,0.95,2.07,1.96,2.73,3.12,3.07,3.06,0.98,2.74,0.6,4.48,3.01,0.32,0.52,3.82,0.66,0.28,0.92,1.73,0.14,0.47,0.51,1.54,0.87,1.06,0.81,1.22,3.63,0,1.86,2.69,0.99,2.76,0,0.88,0.73,0.25,0,0,0,0,0,0,0,0,0,0,0,0,0,0,0,0,0,0,0,0,0,0,0,0,0,0,0,0,0,0,0,0,0,0,0,0,0,0
2017/10,1.91,3.74,1.69,3.22,1.69,0.01,0.68,0.66,3.09,1.16,0.42,0.55,3.79,0.25,0.8,2.26,0.36,3.58,0.83,1.91,0.89,3.16,2.85,0.98,1.72,2.69,2.33,2.83,2.36,4.49,1.06,3.83,0.29,3.99,3.28,0.31,0.52,2.99,0.35,0.31,0.89,0.99,0.16,0.41,0.47,1.35,0.77,0.96,0.87,1.21,5.99,0,1.86,2.74,1.35,3.2,0,0.66,0.73,1.57,0,0,0,0,0,0,0,0,0,0,0,0,0,0,0,0,0,0,0,0,0,0,0,0,0,0,0,0,0,0,0,0,0,0,0,0,0,0
2017/11,2.02,3.54,1.31,3.85,2.61,0.23,0.68,0.73,3.69,1.51,0.45,0.33,3.64,0.23,0.78,2.22,0.17,3.06,1.05,1.77,0.58,2.08,3.06,1.8,2.47,2.48,2.87,3.46,2.15,2.48,0.71,2.8,0.62,5.3,3.3,0.23,0.58,3.85,0.87,0.22,0.77,1.07,0.29,0.49,0.16,2.08,1.05,0.77,0.67,0.78,3.05,0,2.22,3.01,1.32,3.12,0,0.97,0.46,1.9,0,0,0,0,0,0,0,0,0,0,0,0,0,0,0,0,0,0,0,0,0,0,0,0,0,0,0,0,0,0,0,0,0,0,0,0,0,0
2017/12,1.91,2.66,1.41,3.79,2.46,0.19,0.44,0.71,3.6,1.8,0.53,0.56,3.89,0.21,0.62,2.88,0.57,3.16,0.95,1.35,0.35,2.13,2.57,1.6,2.84,2.56,2.62,2.56,1.92,2.44,0.77,3.24,0.84,4.41,3.42,0.25,0.34,3.13,1.31,0.34,0.82,1.61,0.34,0.64,0.28,2.9,1.31,0.93,0.68,0.6,3.76,0,2.3,2.14,1.63,2.82,0,0.74,0.82,2.39,0,0,0,0,0,0,0,0,0,0,0,0,0,0,0,0,0,0,0,0,0,0,0,0,0,0,0,0,0,0,0,0,0,0,0,0,0,0
2018/1,2.19,3.74,1.12,3.15,1.28,0.39,0.54,0.13,2.63,0.83,0.62,0.23,2.87,0.35,0.64,2.74,0.41,3.73,0.86,1.42,0.45,2.13,3.34,1.6,2.39,2.67,3.13,3,1.19,3.37,0.84,3.44,0.65,4.53,3.66,0.58,0.64,2.83,0.93,0.57,1.02,1.15,0.44,0.81,0.25,2.39,1.7,0.91,0.71,0.71,4.35,0,1.84,3.12,1.67,2.86,0,1.32,0.89,2.05,0.03,0,0,0,0,0,0,0,0,0,0,0,0,0,0,0,0,0,0,0,0,0,0,0,0,0,0,0,0,0,0,0,0,0,0,0,0,0
2018/2,1.75,3.99,0.74,2.43,1.65,0.09,0.33,0.61,4.19,1.24,0.29,0.3,4.34,0.36,0.97,3.25,0.65,3.09,0.75,1.98,0.4,1.86,2.51,1.98,3.25,3.71,3.44,2.95,1.2,2.12,0.58,3.74,1.33,3.17,2.95,0.45,0.72,2.6,1.79,0.33,0.85,1.52,0.2,0.85,0.32,2.2,1.62,1.04,0.64,0.71,3.32,0,2.21,2.2,1.37,2.43,0,1.59,1.1,1.69,0.04,0,0,0,0,0,0,0,0,0,0,0,0,0,0,0,0,0,0,0,0,0,0,0,0,0,0,0,0,0,0,0,0,0,0,0,0,0
2018/3,2.18,2.98,1.73,3.72,1.5,0.38,0.61,0.6,2.58,0.98,0.4,0.46,3.75,0.31,1.34,3.47,1.01,3.3,0.89,1.75,0.37,1.57,2.44,2.64,3.71,2.2,3.02,3.31,2.25,2.64,0.92,2.96,1.74,3.57,3.26,0.66,0.68,3.04,0.7,0.4,0.84,1.04,0.27,0.32,0.18,1.65,2.02,0.98,0.58,0.57,3.3,0,2.23,2.5,1.15,2.21,0,1.27,1,1.6,0.23,0,0,0,0,0,0,0,0,0,0,0,0,0,0,0,0,0,0,0,0,0,0,0,0,0,0,0,0,0,0,0,0,0,0,0,0,0
2018/4,2.29,2.03,2.42,2.97,1.85,0.04,0.75,0.97,1.99,1.14,0.38,0.21,3.16,0.26,0.78,2.26,1.04,2.89,0.73,2.35,0.61,1.22,3.17,3,3.71,2.11,1.56,2.02,1.86,2.67,1.05,2.77,2.23,3.26,3.76,0.57,0.65,2.35,0.73,0.8,1.71,0.97,0.5,0.8,1.08,2.05,1.48,1.27,1.07,0.57,2.9,0,2.92,2.28,1.15,2.52,0,1.49,1.25,2.67,0.31,0.4,0,0,0,0,0,0,0,0,0,0,0,0,0,0,0,0,0,0,0,0,0,0,0,0,0,0,0,0,0,0,0,0,0,0,0,0
2018/5,2.08,3.5,1.35,3.92,1.45,0.13,0.23,0.52,3.22,1.25,0.32,0.34,3.27,0.23,0.7,2.63,0.85,3.36,1.28,2.08,0.52,1.45,2.25,2.24,4.08,2.07,2.99,3.02,1.71,4.08,1.45,3.1,1.12,3.06,3.1,0.43,0.53,2.13,1.08,0.27,1.55,1.45,0.2,0.8,0.57,1.81,1.74,1.48,1.21,0.65,2.43,0,1.48,2.6,1.16,2.1,0,1.11,0.79,1.52,0.07,1.9,0,0,0,0,0,0,0,0,0,0,0,0,0,0,0,0,0,0,0,0,0,0,0,0,0,0,0,0,0,0,0,0,0,0,0,0
2018/6,1.85,4.09,1.64,3.7,1.1,0.05,0.47,0.43,3.18,1.33,0.34,0.25,3.38,0.3,0.44,1.92,0.91,2.89,1.2,1.63,0.46,1.22,3.29,1.91,3.38,3.05,2.91,2.72,0.9,2.95,1.31,3.07,2.06,3.47,2.98,0.77,0.8,2.55,1.16,0.71,0.85,0.98,0.25,0.76,0.61,2.06,1.54,0.95,1.01,0.67,3.3,0,2.14,2.16,1.31,2.07,0,0.98,0.69,2.41,0.34,2.14,0,0,0,0,0,0,0,0,0,0,0,0,0,0,0,0,0,0,0,0,0,0,0,0,0,0,0,0,0,0,0,0,0,0,0,0
2018/7,2,2.2,1.52,2.54,1.3,0.06,0.48,0.72,2.46,1.8,0.33,0.43,3.1,0.12,0.78,2.74,0.58,3.13,1.64,1.57,0.39,0.9,4.93,1.73,3.45,2.86,3.02,2.04,1,1.46,0.62,3.41,1.83,4.22,3.8,0.8,0.51,2.54,0.45,0.52,0.93,0.67,0.28,0.49,0.65,1.75,1.7,1.49,0.99,0.62,2.17,0,2.41,3.52,1.06,2.02,0,1.38,1.09,2.99,0.12,2.17,1.52,0,0,0,0,0,0,0,0,0,0,0,0,0,0,0,0,0,0,0,0,0,0,0,0,0,0,0,0,0,0,0,0,0,0,0
2018/8,2.16,2.89,2.24,2.86,1.57,0.04,0.23,0.55,2.23,1.67,0.23,0.63,3.68,0.22,0.69,2.79,0.39,3.35,1.14,0.88,0.4,1.26,3.25,1.32,2.84,2.77,3.13,3.06,2.17,2.66,0.68,3.66,1.67,3.29,3.91,0.47,0.6,2.84,1.24,0.5,0.8,1.08,0.42,0.79,0.47,2.39,1.22,1.16,1.44,0.49,1.98,0,2.47,2.76,1.51,2.49,0,0.57,0.79,1.64,0.01,1.75,1.62,0,0,0,0,0,0,0,0,0,0,0,0,0,0,0,0,0,0,0,0,0,0,0,0,0,0,0,0,0,0,0,0,0,0,0
2018/9,1.6,2.61,2.11,3.03,1.64,0,0.24,0.56,2.96,1.35,0.17,0.68,3.3,0.13,0.55,2.72,0.53,2.99,1.25,1.42,0.39,1.14,3.9,1.61,3.35,2.17,3.62,3.37,1.56,1.83,0.65,2.86,2.22,4.29,3.11,0.78,0.49,2.94,1.17,0.45,0.82,0.96,0.34,0.73,0.44,2.63,1.51,1.4,0.98,0.43,1.71,0,1.97,2.74,0.98,2.61,0,1.11,0.96,2.31,0.01,2.19,1.17,0.23,0,0,0,0,0,0,0,0,0,0,0,0,0,0,0,0,0,0,0,0,0,0,0,0,0,0,0,0,0,0,0,0,0,0
2018/10,1.43,1.45,1.17,2.62,1.58,0.09,0.32,0.41,4.54,1.88,0.19,0.67,4.27,0.68,0.64,3.86,0.72,3.49,0.98,1.72,0.23,1.69,2.59,1.06,3.47,3.05,3.37,3.1,1.19,1.24,1.22,2.71,1.42,3.47,3.59,0.48,0.71,1.75,0.62,0.35,0.8,1.43,0.2,0.55,0.22,1.95,1.58,1.16,0.35,0.62,2.33,0,2.55,2.84,1.65,2.49,0,0.61,0.95,1.87,0.1,1.82,0.94,3.01,0,0,0,0,0,0,0,0,0,0,0,0,0,0,0,0,0,0,0,0,0,0,0,0,0,0,0,0,0,0,0,0,0,0
2018/11,1.04,2.28,1.87,2.49,1.66,0.03,0.14,0.48,4.12,1.54,0.19,0.58,3.96,0.94,0.39,3.46,0.65,2.77,1.05,2.13,0.2,0.74,2.36,1.33,3.24,2.72,3.11,2.75,1.46,1.7,0.97,3.26,1.43,3.5,3.82,0.36,0.49,2.02,0.48,0.35,1.27,0.99,0.27,0.33,0.2,2.12,1.37,1.18,0.84,0.37,1.87,0,2.96,3.29,1.4,2.96,0,0.94,1.41,2.08,0,1.67,1.37,3.06,0,0,0,0,0,0,0,0,0,0,0,0,0,0,0,0,0,0,0,0,0,0,0,0,0,0,0,0,0,0,0,0,0,0
2018/12,1.01,1.5,1.73,3.39,1.71,0.28,0.34,0.61,3.16,1.39,0.15,0.7,3.12,0.85,0.53,3.21,0.84,2.59,0.86,2.23,0.21,0.71,2.61,0.99,3.56,2.81,3.32,2.84,1.24,1.28,0.89,3.39,1.82,3.45,4.76,0.49,0.31,2.12,1.12,0.36,0.49,1.3,0.29,0.55,0.33,2.9,1.62,1.13,0.72,0.38,1.66,0,2.87,3,1.42,2.37,0,0.92,1.58,2.09,0.08,1.26,1.57,2.99,0,0,0,0,0,0,0,0,0,0,0,0,0,0,0,0,0,0,0,0,0,0,0,0,0,0,0,0,0,0,0,0,0,0
2019/1,1.35,2.72,1.58,4.06,2.12,0.16,0.3,1.12,3.02,0.77,0.23,0.93,3.54,0.59,0.32,2.55,0.5,2.38,1.49,2.38,0.27,1.06,2.45,0.9,3.24,2.55,4.17,2.98,1.35,2.45,1.28,3.93,0.95,3.12,4.03,0.44,0.24,2.09,0.99,0.07,0.76,1.05,0.62,0.75,0.33,2.58,1.19,1.28,0.92,0.29,1.59,0,1.96,2.22,1.66,2.48,0,0.75,0.9,1.99,0.16,1.52,0.92,2.82,0.59,0,0,0,0,0,0,0,0,0,0,0,0,0,0,0,0,0,0,0,0,0,0,0,0,0,0,0,0,0,0,0,0,0
2019/2,1.47,2.28,2.02,2.98,1.5,0.04,0.2,0.73,4.71,1.28,0.23,0.73,4.08,0.33,0.73,3.33,0.32,2.71,0.91,2.28,0.14,0.91,2.42,1.05,2.82,2.15,3.53,2.31,1.48,1.61,1.04,4.21,1.04,3.24,4.34,0.22,0.22,1.6,0.69,0.23,0.79,0.89,0.48,0.69,0.3,2.55,1.27,1.14,0.81,0.32,2.06,0,2.62,2.68,1.83,2.42,0,1.1,0.99,1.74,0.03,1.35,0.65,3.11,2.05,0,0,0,0,0,0,0,0,0,0,0,0,0,0,0,0,0,0,0,0,0,0,0,0,0,0,0,0,0,0,0,0,0
2019/3,1.48,3.02,2.74,3.14,1.48,0.16,0.26,0.6,3.05,0.73,0.27,0.49,3.8,0.49,0.6,2.31,0.52,1.99,0.82,2.34,0.11,1.28,2.31,1.07,2.49,3.21,3.53,2.55,1.45,2.14,0.87,4.29,1.3,2.68,5.2,0.42,0.43,1.71,1.15,0.26,0.56,0.82,0.42,0.72,0.2,3.05,0.87,0.42,0.77,0.29,2.32,0,2.85,1.62,1.46,2.19,0,0.85,1.06,2.75,0.04,1.63,0.8,3.4,2.19,0,0,0,0,0,0,0,0,0,0,0,0,0,0,0,0,0,0,0,0,0,0,0,0,0,0,0,0,0,0,0,0,0
2019/4,1.38,3.52,1.84,3.61,1.13,0.12,0.38,0.41,2.43,0.91,0.52,0.43,2.83,0.26,0.48,2.94,0.55,2.74,1.41,2.13,0.17,1.72,3.62,1.32,2.29,3.51,3.39,3.07,1.43,2,0.75,4.68,1.49,3.48,4.2,0.61,0.68,2.25,0.23,0.32,0.49,0.62,0.01,0.16,0.29,2.67,1.3,0.54,0.49,0.59,2.93,0,2.45,1,1.51,2.19,0,0.81,0.96,2.48,0.06,2.1,0.49,3.12,1.26,0.26,0,0,0,0,0,0,0,0,0,0,0,0,0,0,0,0,0,0,0,0,0,0,0,0,0,0,0,0,0,0,0,0
2019/5,1.63,3.22,2.22,2.95,1.08,0.15,0.32,0.38,3.16,0.65,0.35,0.44,3.19,0.32,0.66,2.07,0.38,2.22,0.89,1.44,0.25,1.18,3.64,1.24,1.93,3.98,3.21,2.57,0.28,1.3,1.11,4.34,1.49,3.34,4.44,0.66,0.28,1.96,0.62,0.28,0.41,0.54,0.11,0.48,0.44,2.91,1.21,0.39,0.58,0.43,3.29,0,2.73,1.49,2.05,1.86,0,0.83,0.8,2.73,0.05,2.21,0.76,2.37,1.74,3.74,0,0,0,0,0,0,0,0,0,0,0,0,0,0,0,0,0,0,0,0,0,0,0,0,0,0,0,0,0,0,0,0
2019/6,1.71,2.24,1.77,2.54,1.25,0.18,0.25,0.69,2.55,2.36,0.2,0.59,2.06,0.52,0.32,2.88,0.31,3.14,0.62,1.57,0.11,0.72,2.55,1.01,1.98,4.52,2.61,3.07,0.45,1.32,0.58,3.45,1.11,3.13,5.85,0.49,0.22,2.24,0.35,0.11,0.18,0.63,0.2,0.35,0.11,1.89,0.45,0.25,0.51,0.36,2.5,0,3.47,1.15,1.14,1.85,0,0.49,0.73,2.09,0.08,1.18,2.22,1.94,1.21,3.66,7.38,0,0,0,0,0,0,0,0,0,0,0,0,0,0,0,0,0,0,0,0,0,0,0,0,0,0,0,0,0,0,0.35
2019/7,1.34,3.11,1.66,1.77,1.38,0.13,0.29,0.28,2.51,3.5,0.1,0.6,2.37,0.45,0.49,2.22,0.6,2.13,0.51,1.84,0.12,0.65,1.61,1.32,2.45,4.46,2.41,3.47,0.42,1.92,0.51,3.98,0.68,2.19,5.05,0.23,0.1,1.67,0.75,0.04,0.55,0.36,0.81,0.57,0.06,1.66,0.49,0.32,0.48,0.25,5.37,0,2.16,1.77,0.9,3.03,0,0.73,0.64,1.28,0.04,0.77,1.42,2,1.13,3.51,7.84,0.48,0,0,0,0,0,0,0,0,0,0,0,0,0,0,0,0,0,0,0,0,0,0,0,0,0,0,0,0,0,0.06
2019/8,1.63,1.79,1.57,1.87,2.21,0.09,0.51,0.6,1.71,2.7,0.42,1.05,2.65,0.45,0.7,2.32,0.47,2.92,0.44,2.33,0.17,0.92,2.58,1.21,2.67,3.05,2.75,2.76,1.1,2.03,0.81,3.35,0.68,2.06,4.11,0.24,0.23,2.22,0.67,0.07,0.49,0.33,1,0.51,0.21,2.03,0.84,0.47,0.36,0.43,2.24,0,1.12,1.54,0.96,2.74,0,1.02,1.2,1.42,0,0.76,1.33,2.1,1.49,3.13,9.28,0.88,0,0,0,0,0,0,0,0,0,0,0,0,0,0,0,0,0,0,0,0,0,0,0,0,0,0,0,0,0,0
2019/9,1.01,2.18,1.22,1.46,1.92,0,0.91,0.08,3.25,0.64,0.56,1.42,3.83,0.23,0.16,3.4,0.23,2.88,0.66,2.04,0.19,0.91,2.43,1.52,2,3.28,4.96,2.78,1.55,2.18,1.17,2.66,0.74,1.77,1.05,0.08,0.41,1.63,1.52,0.08,0.21,0.43,0.19,0.76,0.21,1.92,0.89,1.03,0.29,0.6,2.1,0,2,1.63,1.92,2.82,0,0.91,0.76,0.91,0.08,1.07,0.99,2.18,1.34,3.44,8.51,1.15,0.66,0,0,0,0,0,0,0,0,0,0,0,0,0,0,0,0,0,0,0,0,0,0,0,0,0,0,0,0,0
2019/10,0.96,1.66,1.29,2.36,2.19,0.08,1,0.16,2.5,0.43,0.64,1.52,1.99,0.51,0.27,2.75,0.47,2.62,0.61,1.46,0.23,0.61,2.52,0.88,1.7,2.81,3.77,2.4,1.6,2.32,0.98,3.16,0.94,2.36,1.37,0.14,0.45,1.29,1.02,0.12,0.33,0.2,0.18,0.57,0.33,2.81,0.72,0.62,0.43,0.35,4.71,0,1.41,1.41,2.03,2.81,0,0.61,0.96,1.23,0,1.95,0.7,1.02,1.27,3.61,7.36,1.15,5.12,0,0,0,0,0,0,0,0,0,0,0,0,0,0,0,0,0,0,0,0,0,0,0,0,0,0,0,0,0
2019/11,1.01,1.69,1.08,1.43,1.66,0.06,0.84,0.2,2.22,0.76,0.33,2.19,1.93,0.46,0.22,4.01,0.29,3.33,0.1,1.53,0.14,0.66,2.02,0.91,1.38,2.69,3.89,2.74,1.11,1.87,0.68,3.11,0.53,2.22,1.6,0.06,0.52,1.34,0.89,0.09,0.22,0.2,0.1,0.48,0.36,3.11,1.51,0.97,0.3,0.29,4.29,0,1.5,1.73,1.11,3.82,0,0.52,0.73,1.2,0.16,2.12,0.53,1.8,0.82,3.07,7.23,1.34,6.7,0,0,0,0,0,0,0,0,0,0,0,0,0,0,0,0,0,0,0,0,0,0,0,0,0,0,0,0,0
2019/12,1.5,2.47,1.14,1.68,1.36,0,0.72,0.1,1.23,1.08,0.2,1.75,1.49,0.28,0.09,3.42,0.31,2.7,0.38,1.11,0.25,0.92,2.91,0.7,1.56,3.07,3.45,2.58,1.23,2.16,0.44,3.74,0.53,2.1,1.84,0.19,0.34,1.42,0.32,0.06,0.19,0.5,0.03,0.19,0.26,2.77,1.26,0.64,0.18,0.51,5.67,0,1.37,1.77,1.23,3.27,0,0.53,0.7,0.86,0.01,1.62,0.26,1.1,0.58,3.74,7.9,2.12,7.97,0,0,0,0,0,0,0,0,0,0,0,0,0,0,0,0,0,0,0,0,0,0,0,0,0,0,0,0,0
2020/1,1.37,2.37,0.98,1.37,1.76,0.08,0.57,0.12,2.19,0.88,0.23,1.21,2.87,0.7,0.61,3.03,0.16,1.96,0.29,1.86,0.08,0.49,2.11,1.08,1.97,3.17,3.64,2.52,1.68,2.25,0.65,3.58,0.41,1.7,1.72,0.1,0.35,1.41,1.29,0,0.66,0.37,0.14,0.72,0.29,2.05,0.88,0.61,0.08,0.37,5.02,0,1,1.33,1.19,2.62,0,1.11,0.7,0.9,0.06,1.02,0.43,1.56,1.25,4.24,7.47,1.86,6.8,0.47,0,0,0,0,0,0,0,0,0,0,0,0,0,0,0,0,0,0,0,0,0,0,0,0,0,0,0,0
2020/2,2.07,1.83,1.21,2.12,1.98,0.14,0.85,0.37,1.54,0.72,0.4,1.32,1.53,0.73,0.38,4.54,0.04,2.62,0.11,2.13,0.17,1.07,2.12,1.07,1.98,2.01,3.94,2.07,2.41,0.85,0.62,4.18,0.36,1.66,1.92,0.11,0.38,0.74,0.2,0.05,0.43,0.57,0.06,0.14,0.35,1.86,0.67,1.15,0.17,0.43,3.39,0,1.44,1.51,0.92,3,0,0.85,1.21,1.11,0.1,1.22,0.19,1.27,0.65,3.62,8.08,2.37,5.87,2.86,0,0,0,0,0,0,0,0,0,0,0,0,0,0,0,0,0,0,0,0,0,0,0,0,0,0,0,0
2020/3,2.26,1.76,1.26,1.7,1.49,0.06,0.45,0.19,2.14,0.45,0.51,1.02,1.91,0.64,0.31,3.39,0.21,2.45,0.19,1.48,0.27,1,3.27,1.42,1.94,2.23,4.02,1.87,1.29,1.42,1.02,3.53,0.73,1.97,1.76,0.13,0.19,1.73,0.67,0,0.42,0.58,0.09,0.43,0.24,1.7,0.51,0.63,0.1,0.51,3.14,0,1.55,1.21,1.35,2.05,0,1.06,1.08,0.93,0.01,1.06,0.19,1.23,1.02,4.11,10.22,3.05,3.92,3.26,0,0,0,0,0,0,0,0,0,0,0,0,0,0,0,0,0,0,0,0,0,0,0,0,0,0,0,0
2020/4,2.05,0.94,1.42,2.25,1.63,0.09,0.36,0.15,2.45,0.52,1.32,2.64,1.72,1.22,0.46,3.11,0.09,2.56,0.15,1.68,0.16,0.96,3.04,1.29,2.8,1.92,3.94,2.07,1.34,1.35,0.52,2.63,1.08,1.89,1.25,0.35,0.2,1.53,1.47,0.01,0.53,0.35,0.07,0.66,0.1,2.2,0.32,0.75,0.32,0.45,1.48,0,1.2,1.29,1.27,2.22,0,1.26,0.88,0.8,0.01,1.34,0.25,1.54,1.68,2.45,10.26,2.3,2.56,2.88,1.89,0,0,0,0,0,0,0,0,0,0,0,0,0,0,0,0,0,0,0,0,0,0,0,0,0,0,0.03
2020/5,2.23,1.98,0.59,1.86,1.12,0.02,0.24,0.16,2.22,0.07,2.05,3.12,2.14,0.49,0.35,2.66,0.1,3.33,0.5,2.04,0.23,0.75,2.49,0.47,3.59,1.83,3.93,3.2,1.08,1.88,0.25,1.93,0.92,0.63,0.99,1.1,0.39,1.23,1.03,0.01,0.43,0.51,0.07,0.53,0.08,2.31,0.38,0.88,1.28,0.42,1.44,0,0.81,1.93,0.56,2.68,0,1.82,0.43,0.43,0.06,0.96,0.17,0.87,1.57,2.72,10.02,3.08,2.08,4.4,1.83,0,0,0,0,0,0,0,0,0,0,0,0,0,0,0,0,0,0,0,0,0,0,0,0,0,0,0.02
2020/6,2.8,1.73,1.08,1.66,1.64,0.04,0.67,0.39,2.2,0.37,0.89,0.92,2.07,0.3,0.28,1.81,0.24,2.65,0.41,1.63,0.06,1.08,2.59,1.14,2.4,2.32,3.97,1.35,1.03,1.4,0.53,2.82,0.72,1.38,1.41,0.22,0.11,1.71,1,0.2,0.35,0.38,0.13,0.57,0.09,1.47,0.37,0.27,0.31,0.21,3.43,0,1.38,0.88,1.53,3.02,0,1.04,0.58,1.04,0.02,1.07,0.28,0.88,1.43,3.74,12.79,3.77,2.82,3.49,1.02,0.42,0,0,0,0,0,0,0,0,0,0,0,0,0,0,0,0,0,0,0,0,0,0,0,0,0,0
2020/7,2.95,1.67,1.46,1.51,1.21,0,0.27,0.32,2,0.44,0.9,1.14,2.06,0.35,0.34,2.22,0.19,3.58,0.29,1.26,0.21,1.45,2.13,1.11,2.48,1.66,2.97,1.99,0.89,1.69,0.64,2.49,0.75,1.5,1.04,0.39,0.19,1.08,0.43,0.12,0.53,0.49,0.12,0.21,0.06,1.31,0.4,0.42,0.35,0.22,3.03,0,1.22,1.08,1.57,2.76,0,1.29,1.02,1.24,0.06,1.03,0.42,1.35,1.5,3.89,12.54,4.21,2,3.42,1.14,1.73,0,0,0,0,0,0,0,0,0,0,0,0,0,0,0,0,0,0,0,0,0,0,0,0,0,0
2020/8,2.47,2.23,1.68,1.11,0.99,0.06,0.19,0.17,2.03,0.46,1.29,1.28,1.71,0.69,0.41,2.08,0.07,2.77,0.25,2.19,0.08,0.97,2.24,1.41,3.49,2.64,3.08,2.6,1.11,1.63,0.43,3.56,0.6,1.24,1.32,0.19,0.28,1.1,1.02,0.16,0.85,0.57,0.06,0.62,0.13,2.57,0.62,0.58,0.74,0.37,2.56,0,0.91,1.37,1.35,2.39,0,1.97,1.09,1.42,0.06,0.72,0.31,0.82,2.46,3.38,7.83,3.08,1.29,3.12,1.66,1.81,0,0,0,0,0,0,0,0,0,0,0,0,0,0,0,0,0,0,0,0,0,0,0,0,0,0
2020/9,2.21,1.79,1.57,1.98,0.85,0.09,0.33,0.28,1.68,0.55,1.05,1.64,1.56,0.54,0.73,2.72,0.01,2.95,0.34,1.68,0.36,1.33,2.72,1.31,2.85,1.72,3.3,2.31,1.59,1.41,0.48,3.54,1.06,1.27,1.74,0.27,0.39,1.4,0.58,0.15,0.51,0.2,0.07,0.31,0.15,2.56,1.03,0.56,0.57,0.33,1.26,0,1.27,1.27,0.96,2.32,0,1.61,1.03,1.12,0.09,0.74,0.46,0.83,1.67,2.51,7.91,3.11,2.15,3.58,1.43,1.35,2.71,0,0,0,0,0,0,0,0,0,0,0,0,0,0,0,0,0,0,0,0,0,0,0,0,0
2020/10,2.08,1.43,2.01,2.61,0.57,0.09,0.32,0.11,1.9,0.39,1.21,0.93,1.04,0.64,0.62,2.71,0.01,3.28,0.24,0.98,0.55,1.09,4.84,1.07,2.18,1.18,3.44,1.62,1.34,1.43,0.85,2.62,1.15,1.64,1.66,0.28,0.1,1.56,0.53,0.15,0.43,0.23,0.05,0.2,0.18,1.82,0.63,0.82,0.14,0.26,2.12,0,1.48,1.14,1.12,2.21,0,0.92,0.79,1.39,0.01,0.72,0.54,1.08,1.18,2.95,7.96,2.86,1.26,3.46,1.17,0.98,7.43,0,0,0,0,0,0,0,0,0,0,0,0,0,0,0,0,0,0,0,0,0,0,0,0,0
2020/11,3.24,1.54,1.16,2.81,0.73,0.07,0.53,0.1,1.47,0.53,1.5,1.41,1.63,0.96,1.02,2.5,0.04,3.24,0.15,0.89,0.3,1.42,3.7,0.29,2.7,1.62,3.72,1.9,1.85,1.29,0.55,3.44,0.59,0.46,0.72,0.34,0.11,0.93,0.68,0.21,0.39,0.21,0.07,0.32,0.17,1.71,0.67,0.88,0.15,0.22,1.71,0,0.65,0.72,1.37,2.18,0,1.1,1.15,0.89,0.11,0.73,0.28,1.01,1.41,2.88,8.71,3.47,1.79,3.83,0.93,1.09,6.88,0,0,0,0,0,0,0,0,0,0,0,0,0,0,0,0,0,0,0,0,0,0,0,0,0
2020/12,3.69,2.02,0.92,3.71,1.02,0.03,1.07,0.16,1.88,0.52,1.11,1.44,1.8,1.01,1,2.2,0,3.24,0.42,1,0.11,1.22,2.77,0.28,2.75,1.75,3.72,1.93,1.77,1.2,0.57,2.93,0.49,0.76,0.59,0.24,0.09,1.22,0.92,0.13,0.2,0.25,0.08,0.24,0.16,1.57,0.43,0.83,0.09,0.11,1.29,0,0.59,1.02,1.65,2.47,0,1.09,1.02,0.87,0.14,0.88,0.35,0.9,1.38,1.49,7.34,3.33,2.14,4.28,1.2,1.21,7.73,0,0,0,0,0,0,0,0,0,0,0,0,0,0,0,0,0,0,0,0,0,0,0,0,0
2021/1,2.95,1.82,1.39,4.35,0.73,0.05,0.81,0.09,1.28,0.2,0.79,1.81,1.69,1.15,0.82,1.78,0.01,3.28,0.15,1.09,0.26,1.02,3.88,0.52,2.69,1.97,4.37,1.81,1.15,1.57,0.49,3.92,0.59,0.55,1.14,0.18,0.11,1.12,0.76,0.08,0.16,0.12,0.12,0.42,0.16,1.94,0.52,1.01,0.1,0.18,1.23,0,0.74,1.74,0.99,2.48,0,0.94,0.62,0.75,0,0.84,0.62,0.5,1.78,2.41,7.25,3.72,1.7,4.46,1.56,1.37,4.92,0.22,0,0,0,0,0,0,0,0,0,0,0,0,0,0,0,0,0,0,0,0,0,0,0,0
2021/2,1.96,1.83,0.95,2.51,0.98,0.14,0.7,0.12,1.96,0.47,0.63,1.49,1.94,0.71,1.57,1.63,0.09,2.27,0.3,1.76,0.3,0.74,2.74,3.33,2.79,2.96,3.81,2.09,1.32,1.22,0.44,3.46,1.21,1.08,0.86,0.03,0.32,1.74,1.28,0.16,0.27,0.36,0.14,0.69,0.21,1.83,0.61,0.64,0.08,0.3,1.54,0,0.82,1.48,0.84,1.85,0,1.1,0.85,1.06,0.08,0.93,0.28,0.5,1.44,3,6.85,2.17,4.2,2.66,1.22,1.14,3.56,1.4,0,0,0,0,0,0,0,0,0,0,0,0,0,0,0,0,0,0,0,0,0,0,0,0
2021/3,1.87,2.28,1.23,2.42,0.7,0.02,0.71,0.03,1.93,0.44,1.38,1.4,1.95,1.07,0.35,2.19,0.11,2.8,0.46,1.03,0.22,0.96,2.39,0.74,2.94,2.3,4.26,2.25,1.07,1.78,0.59,3.76,0.58,1.32,1.04,0.35,0.23,1.31,0.39,0.06,0.61,0.28,0.22,0.5,0.34,1.48,0.98,1.03,0.02,0.76,2.28,0,1.11,1.74,0.93,2.8,0,1.29,0.68,1.16,0.04,1.29,0.57,1.2,1.08,3.05,7.6,2.86,1.56,2.56,1.25,1.71,3.75,0.33,0,0,0,0,0,0,0,0,0,0,0,0,0,0,0,0,0,0,0,0,0,0,0,0.02
2021/4,2.09,1.48,0.82,2.47,0.61,0,0.32,0.08,2.3,0.31,1.43,1.34,1.18,1.57,0.16,2.08,0.08,2.34,0.38,1.4,0.18,1.26,2.71,0.69,3.17,2.04,4.23,2.32,0.88,1.29,0.54,3.24,0.49,1.19,1.51,0.32,0.13,1.27,0.75,0.04,0.37,0.19,0.16,0.7,0.23,1.89,0.82,1.03,0.28,0.92,2.73,0,0.65,0.96,0.87,2.66,0,1.55,0.85,1.42,0,1.53,0.31,1.06,1.34,2.71,8.18,2.94,1.78,2.83,1.53,1.61,3.39,0.4,1.36,0,0,0,0,0,0,0,0,0,0,0,0,0,0,0,0,0,0,0,0,0,0,0.05
2021/5,1.84,1.5,0.79,2.26,0.97,0.04,0.43,0.07,2.07,0.18,1.15,1.14,1.58,0.99,0.22,2.29,0.12,2.49,0.41,1.58,0.13,1.43,2.41,0.89,3.42,2.28,4.59,2.38,1.12,1.34,0.64,3.68,0.24,1.22,0.68,0.2,0.16,0.82,0.78,0.04,0.05,0.47,0.06,0.52,0.15,1.9,0.63,0.69,0.03,1.11,2.97,0,0.8,0.94,1.07,2.43,0,1.64,1.04,1.54,0,0.88,0.31,0.89,0.93,3.09,8.31,2.8,1.89,2.99,1.52,1.72,3.19,0.38,2.46,0,0,0,0,0,0,0,0,0,0,0,0,0,0,0,0,0,0,0,0,0,0,0
2021/6,1.2,1.64,1.16,2.37,0.51,0.05,1.02,0.08,1.14,0.88,0.68,1.93,1.09,1.15,0.18,2.53,0.25,2.78,0.05,1.13,0.19,0.62,1.24,1.59,2.45,1.39,3.52,1.69,1.6,0.96,0.35,2.23,0.46,1.39,1.84,0.25,0.03,1.01,0.28,0.13,0.09,0.31,0.04,0.24,0.11,1.28,0.16,0.5,0.27,0.34,0.97,0,0.67,1.28,0.77,2.17,0,1.54,1.05,0.55,0.04,0.71,0.5,0.55,0.47,2.41,8.03,2.42,3.78,2.65,1.08,0.85,2.13,0.07,1.31,15.64,0,0,0,0,0,0,0,0,0,0,0,0,0,0,0,0,0,0,0,0,0,0.01
2021/7,1.19,2.92,0.73,3.4,0.23,0.03,0.91,0.18,0.38,0.79,0.33,2.39,0.97,0.63,0.08,1.58,0.16,3.21,0.16,1.28,0.13,0.56,1.22,2.25,3.26,1.24,2.88,1.48,0.32,1.71,0.2,2.3,0.57,0.89,1.3,0.11,0.03,0.54,0.12,0.22,0.07,0.15,0.01,0.17,0.05,0.72,0.1,0.87,0.05,0.22,1.16,0,0.3,1.34,0.53,1.34,0,0.98,1.28,0.34,0,0.39,0.75,0.18,0.28,1.7,8.11,2.86,3.11,2.02,1.26,0.84,1.47,0.06,2.26,21.62,0.56,0,0,0,0,0,0,0,0,0,0,0,0,0,0,0,0,0,0,0,0,0
2021/8,1.44,3.53,0.74,2.55,0.41,0.01,0.65,0.11,0.79,0.42,0.45,2.34,1.6,0.57,0.05,1.71,0.06,2.38,0.16,0.63,0.03,0.67,1.15,2.14,2.85,1.89,2.25,2.2,0.34,1.55,0.11,2.61,0.33,0.64,1.35,0.09,0.11,0.76,0.57,0.11,0.01,0.11,0.06,0.34,0.07,0.82,0.27,0.63,0.17,0.53,1.16,0,0.4,1.08,0.35,1.33,0,0.65,0.72,0.18,0,0.32,0.99,0.28,0.48,2.4,8.9,1.97,3.79,1.96,1.51,0.71,1.59,0.11,2.22,20.81,0.77,0,0,0,0,0,0,0,0,0,0,0,0,0,0,0,0,0,0,0,0,0
2021/9,1.15,3.11,0.52,2.31,0.9,0.08,0.52,0.03,1.16,0.33,0.42,2.15,1.52,0.59,0.05,1.47,0.01,2.28,0.25,1.12,0.04,0.6,1.25,1.84,2.82,2.76,2.54,1.34,0.45,1.43,0.18,2.22,0.39,0.4,1.81,0.3,0.13,1.74,1.14,0.12,0.12,0.04,0.04,0.69,0.05,1.29,0.11,0.31,0.13,0.21,0.85,0,0.44,1.35,0.21,0.86,0,0.55,0.66,0.25,0,0.35,0.89,0.2,0.59,2.75,8.01,1.82,3.14,1.34,1.84,0.68,2.07,0.09,1.71,21.52,0.76,0.6,0,0,0,0,0,0,0,0,0,0,0,0,0,0,0,0,0,0,0,0
2021/10,1.57,3.08,0.31,2.72,0.85,0.02,0.43,0.02,1.39,0.23,0.39,1.68,1.03,0.54,0.08,1.38,0,2.6,0.3,0.87,0,0.59,0.89,1.71,2.55,2.44,2.82,1.13,0.79,1.79,0.21,1.99,0.17,0.42,1.54,0.7,0.08,1.6,0.8,0.08,0.16,0.04,0.01,0.49,0.01,0.95,0.09,0.29,0.12,0.27,0.19,0,0.23,1.57,0.11,0.54,0,0.46,0.4,0.14,0.01,0.65,0.75,0.22,0.58,3.01,9.81,1.91,3.48,1.66,1.62,0.54,2.87,0.06,2.02,20.99,0.58,1.44,0,0,0,0,0,0,0,0,0,0,0,0,0,0,0,0,0,0,0,0
2021/11,1.75,2.24,0.29,3.6,0.67,0.03,0.47,0.05,1.27,0.25,0.31,2.38,0.59,0.45,0.07,1.44,0.01,3.03,0.28,0.56,0.03,0.84,0.6,1.28,2.46,2.37,3.44,1.18,1.27,1.59,0.16,1.46,0.1,0.51,0.87,0.73,0.03,1.11,0.23,0.04,0.1,0.03,0,0.13,0.03,0.51,0,0.58,0.13,0.1,0.25,0,0.38,1.45,0.14,0.56,0,0.42,0.32,0.09,0.03,0.56,0.82,0.21,0.43,2.86,8.28,1.85,3.39,1.77,1.5,0.44,3.02,0.07,2.97,23.55,0.47,2.12,0.36,0,0,0,0,0,0,0,0,0,0,0,0,0,0,0,0,0,0,0
2021/12,1.71,2.1,0.44,2.76,0.43,0.03,0.57,0.05,1.62,0.26,0.3,2.49,0.81,0.37,0.07,1.05,0,3.63,0.18,0.34,0.05,0.89,0.86,1.33,2.36,2.81,3.24,1.4,0.86,1.74,0.17,1.96,0.24,0.64,1,0.76,0.03,1.08,0.36,0.03,0.15,0.02,0,0.23,0,0.57,0.07,0.81,0.02,0.18,0.21,0,0.37,1.76,0.23,0.78,0,0.38,0.23,0.12,0,0.46,0.88,0.27,0.51,2.4,7.15,2.63,3.05,1.93,1.52,0.46,2.23,0.05,2.78,23.22,0.97,1.94,0.37,0,0,0,0,0,0,0,0,0,0,0,0,0,0,0,0,0,0,0
2022/1,1.25,2.8,0.64,2.12,0.73,0.06,0.56,0.01,1.6,0.13,0.27,2.33,0.93,0.46,0.11,1.58,0.02,3.49,0.31,0.68,0.03,1.03,0.84,1.42,2.17,2.96,3.39,1.69,1.18,1.72,0.11,1.99,0.2,0.27,0.92,0.79,0.11,0.58,0.71,0.08,0.1,0.04,0.06,0.41,0.05,0.89,0.12,0.97,0.23,0.25,0.39,0,0.35,1.51,0.28,1.23,0,0.2,0.18,0.02,0,0.44,0.99,0.47,0.45,2.3,6.91,2.35,3.09,2.22,1.42,0.51,3.39,0.08,2.68,20.95,0.79,1.24,0.18,0,0,0,0,0,0,0,0,0,0,0,0,0,0,0,0,0,0,0
2022/2,1.21,2.5,0.29,1.93,0.68,0.08,0.68,0.04,0.99,0.09,0.24,2.19,1.03,0.34,0.28,1.76,0.07,3.48,0.43,0.57,0,1.22,0.74,1.84,2.37,3.05,3.25,1,1.4,1.74,0.03,1.85,0.09,0.55,0.67,0.95,0.02,0.68,0.42,0.04,0.11,0.07,0.01,0.23,0.07,0.53,0.05,0.75,0.05,0.1,0.17,0,0.45,1.59,0.23,0.98,0,0.47,0.49,0.09,0,0.35,0.63,0.4,0.71,2.35,7.26,2.5,2.93,1.94,1.38,0.61,3.17,0.06,2.57,21.73,1.03,1.62,0.33,1.27,0,0,0,0,0,0,0,0,0,0,0,0,0,0,0,0,0,0
2022/3,1.47,2.74,0.72,1.68,0.49,0.06,0.64,0.04,1.89,0.19,0.41,1.59,1.21,0.59,0.22,1.68,0.11,2.64,0.2,0.33,0.14,1.39,0.5,1.76,1.64,2.37,3.23,1.33,1.23,1.35,0.13,1.77,0.16,0.51,0.96,0.79,0.2,0.63,0.22,0.09,0.19,0.06,0,0.16,0.05,0.48,0.2,0.56,0.28,0.35,0.54,0,0.73,1.39,0.43,1.22,0,0.21,0.23,0.28,0,0.67,0.56,0.5,0.38,3.19,8.72,2.12,3.13,1.95,0.84,0.87,1.8,0.11,2.43,21.12,1.07,1.55,0.22,2.12,0,0,0,0,0,0,0,0,0,0,0,0,0,0,0,0,0,0
2022/4,1.52,2.29,0.44,1.6,0.68,0,0.41,0.03,1.28,0.57,0.28,1.57,1.33,0.72,0.14,2.18,0.04,1.95,0.1,0.5,0.06,1.31,0.51,2.41,2.02,2.5,2.84,0.8,1.37,0.91,0.1,1.8,0.1,0.31,1.33,0.9,0.14,0.58,0.49,0.1,0.13,0.05,0.01,0.29,0.01,0.68,0.12,0.12,0.15,0.21,0.53,0,0.54,1.49,0.22,0.81,0,0.84,0.59,0.07,0.08,0.39,0.41,0.33,0.68,3.23,9.85,2.46,3.23,1.48,0.55,0.98,2.17,0.06,2.14,22.2,0.55,1.79,0.43,1.84,0.11,0,0,0,0,0,0,0,0,0,0,0,0,0,0,0,0,0
2022/5,1.11,2.98,0.53,1.64,0.51,0.01,0.51,0.03,0.99,0.44,0.25,1.67,1.07,0.68,0.09,1.87,0.12,1.88,0.13,0.48,0.09,1.17,0.5,2,2.28,2.1,2.32,0.86,1,1.16,0.15,1.42,0.04,0.52,1.17,1.18,0.15,0.67,0.35,0,0.09,0.02,0,0.23,0,0.52,0.12,0.09,0.15,0.14,0.78,0,0.3,1.39,0.27,0.93,0,0.52,0.46,0.17,0.03,0.56,0.33,0.36,0.59,3.22,9.72,2.54,3.03,1.48,0.66,0.84,2.18,0.04,2.1,24.35,0.68,1.74,0.22,1.38,1.64,0,0,0,0,0,0,0,0,0,0,0,0,0,0,0,0,0
2022/6,1.48,2.58,0.46,1.51,0.8,0,0.45,0.01,0.82,0.39,0.39,1.71,0.85,0.77,0.13,1.75,0.09,1.98,0.18,0.61,0.05,0.57,0.35,1.87,2.34,2.26,2.5,0.8,0.91,0.82,0.04,1.52,0.12,0.35,1.04,1.34,0.06,0.64,0.6,0.03,0.1,0.01,0,0.39,0,0.78,0.05,0.18,0.05,0.04,0.57,0,0.27,1.5,0.11,1.32,0,0.26,0.28,0.08,0.07,0.24,0.31,0.29,0.75,3.3,10.11,3.02,3.75,1.44,0.79,0.52,2.83,0.04,2.18,23.31,0.55,1.25,0.26,1.45,2.46,0,0,0,0,0,0,0,0,0,0,0,0,0,0,0,0,0
2022/7,1.5,2.38,0.45,1.79,0.61,0.05,0.48,0.03,0.97,0.3,0.26,2.33,0.88,0.93,0.22,1.63,0.11,2.2,0.19,0.49,0.03,0.48,0.49,1.65,2.37,2.8,3.14,0.54,0.91,0.78,0.1,1.83,0.14,0.33,1.46,0.7,0.21,0.62,0.47,0.02,0.17,0.06,0,0.32,0.01,0.49,0.08,0.17,0.08,0.14,0.27,0,0.38,1.7,0.14,1.1,0,0.43,0.57,0.12,0,0.41,0.23,0.12,0.86,2.2,8.11,2.37,3.5,1.35,0.77,0.79,1.85,0.05,2.74,24.21,0.65,1.82,0.14,1.73,3.04,0,0,0,0,0,0,0,0,0,0,0,0,0,0,0,0,0
2022/8,1.45,3.05,0.62,2.07,0.73,0,0.52,0.03,0.66,0.39,0.32,1.89,1.21,0.63,0.32,1.34,0.07,1.79,0.12,0.32,0,0.69,0.6,1.64,2.82,3.19,3.36,0.71,0.97,0.9,0.09,2.04,0.17,0.3,1.01,0.49,0.06,0.71,0.71,0.07,0.09,0.13,0.01,0.44,0,0.79,0.16,0.27,0.36,0.17,0.31,0,0.32,1.77,0.08,1.51,0,0.44,0.52,0.11,0,0.18,0.28,0.11,0.97,2.27,7.29,2.38,2.71,1.21,1.06,1,2.21,0,2.45,22.75,0.73,1.88,0.4,2.09,2.47,0,0,0,0,0,0,0,0,0,0,0,0,0,0,0,0,0
2022/9,1.6,3.18,0.69,2.11,0.69,0.02,0.5,0.02,1.05,0.77,0.12,1.72,0.92,0.61,0.31,0.88,0.2,2.2,0.36,0.39,0.01,0.76,0.39,1.74,3.16,2.94,2.5,0.69,0.54,0.88,0.04,1.79,0.13,0.15,0.73,0.4,0.11,0.46,0.62,0.03,0.02,0.07,0,0.37,0.01,0.63,0.11,0.21,0.46,0.13,0.5,0,0.42,1.38,0.14,1.83,0,0.3,0.46,0.04,0,0.47,0.31,0.37,1.05,2.31,7.98,2.79,3.33,1.62,0.75,1.19,1.85,0.02,2.61,21.01,0.64,1.67,0.37,2.36,1.95,1.86,0,0,0,0,0,0,0,0,0,0,0,0,0,0,0,0
2022/10,1.68,2.62,0.86,1.89,0.67,0.05,0.41,0,1.11,0.85,0.04,1.73,1.03,1.09,0.15,1.24,0.11,1.86,0.15,0.36,0,0.83,0.41,1.61,2.7,2.9,2.56,0.69,0.93,0.79,0.01,1.92,0.04,0.19,1.09,0.47,0.22,0.56,0.43,0.01,0.05,0.08,0.03,0.25,0,0.93,0.13,0.27,0.82,0.22,0.65,0,0.57,1.1,0.25,1.68,0,0.44,0.51,0.05,0,0.81,0.24,0.4,0.89,2.84,7.66,2.2,2.49,1.98,0.65,1.2,1.24,0.33,2.48,20.5,0.87,1.51,0.36,2.26,2.06,2.7,0,0,0,0,0,0,0,0,0,0,0,0,0,0,0,0
2022/11,1.74,2.64,0.81,2.13,0.49,0.09,0.5,0.03,0.74,0.7,0.01,1.8,0.82,0.88,0.12,1.07,0.05,2.51,0.09,0.38,0,0.79,0.44,1.66,2.69,2.64,2.21,0.57,0.67,0.88,0.01,2.14,0.03,0.25,0.95,0.14,0.24,0.53,0.27,0.01,0.07,0.03,0,0.14,0,0.85,0.09,0.33,0.91,0.25,0.35,0,0.38,1.2,0.19,1.55,0,0.49,0.47,0.07,0,0.62,0.21,0.25,0.95,2.38,7.04,1.99,2.3,1.66,1.27,0.9,1.15,0.42,2.36,23.5,0.85,1.6,0.73,2.27,2.36,2.52,0.6,0,0,0,0,0,0,0,0,0,0,0,0,0,0,0
2022/12,2.1,2.13,0.6,2.29,0.55,0.02,0.58,0,0.91,0.47,0.08,2.14,0.68,0.85,0.14,1.14,0.05,2.54,0.04,0.5,0.06,0.59,0.41,1.97,3.25,2.89,2.18,0.56,0.78,0.71,0.07,2.06,0.16,0.17,1.11,0.19,0.14,0.32,0.6,0.12,0.1,0.04,0.05,0.14,0.01,1.24,0.05,0.33,0.3,0.11,0.42,0,0.44,1.39,0.06,1.41,0,0.54,0.35,0.03,0.02,0.51,0.19,0.22,0.91,1.5,7.39,1.94,2.68,1.97,1.11,0.96,1.12,0.33,2.45,23.06,0.89,1.43,0.78,2.19,2.26,1.37,1.6,0,0,0,0,0,0,0,0,0,0,0,0,0,0,0
2023/1,2.04,2.31,0.54,1.93,0.31,0.03,0.49,0,0.92,0.87,0.37,2.22,0.74,0.98,0.12,0.93,0.08,2.55,0.06,0.27,0,0.71,0.42,1.58,3.24,2.76,2,0.52,0.64,0.92,0.07,1.79,0.15,0.08,1.45,0.2,0.18,0.46,0.24,0.12,0.12,0.03,0.01,0.14,0,0.75,0.11,0.36,0.62,0.17,0.21,0,0.29,1.5,0.33,1.44,0,0.43,0.51,0.02,0,0.34,0.43,0.2,0.61,1.59,7.33,2.05,2.62,1.8,1.05,0.93,1.05,0.49,2.44,23.58,0.67,1.74,0.82,2.6,2.52,1.34,1.44,0,0,0,0,0,0,0,0,0,0,0,0,0,0,0
2023/2,2.17,2.09,0.49,1.88,0.54,0.18,0.33,0,0.71,0.85,0.41,2.34,0.8,0.78,0.19,1.21,0.05,1.71,0.05,0.49,0.03,0.74,0.38,1.69,3.66,3.14,1.39,0.95,0.77,0.71,0.07,1.77,0.27,0.29,0.92,0.31,0.18,0.27,0.46,0.19,0.08,0.06,0.03,0.22,0.04,1.01,0.09,0.24,0.57,0.21,0.38,0,0.29,0.82,0.15,1.3,0,0.67,0.59,0,0,0.42,0.3,0.21,0.71,1.57,7.15,1.73,2.18,1.64,0.87,0.6,1.81,0.41,2.62,23.45,1.06,2.08,0.93,1.92,2.55,1.55,1.08,0.93,0,0,0,0,0,0,0,0,0,0,0,0,0,0
2023/3,2.3,2.2,0.48,1.94,0.45,0.17,0.41,0.01,0.86,0.49,0.46,2.01,0.69,0.49,0.15,0.96,0.02,1.96,0.03,0.24,0,0.61,0.34,2,3.9,3.06,1.85,1,0.64,0.6,0.1,1.6,0.07,0.22,0.68,0.22,0.09,0.27,0.44,0.05,0.05,0.05,0.01,0.11,0.02,0.86,0.07,0.29,0.54,0.11,0.5,0,0.5,0.97,0.25,1.99,0,0.36,0.47,0,0,0.25,0.24,0.22,0.7,1.78,7.92,1.84,2.73,1.49,0.7,0.66,0.96,0.6,2.65,23.41,0.75,2.25,0.81,2.58,2.75,1.59,1.18,0.7,0,0,0,0,0,0,0,0,0,0,0,0,0,0
2023/4,2.27,2.41,0.59,2.25,0.43,0.2,0.3,0,0.55,0.67,0.22,1.37,0.9,0.79,0.34,1.13,0.03,1.94,0.09,0.33,0,0.52,0.27,2.49,3.14,3.07,1.32,0.77,0.82,0.62,0.07,1.49,0.12,0.18,0.7,0.2,0.24,0.43,0.41,0.07,0.05,0.06,0.04,0.04,0.03,0.81,0.07,0.35,0.99,0.23,0.27,0,0.3,0.75,0.06,2.24,0,0.68,0.66,0,0.01,0.48,0.24,0.16,0.41,2.3,8.48,1.83,2.45,1.27,0.69,0.93,1.54,0.5,2.17,22.97,0.93,1.5,1.03,2.85,1.88,1.92,0.98,0.74,0.39,0,0,0,0,0,0,0,0,0,0,0,0,0
2023/5,1.92,3.2,0.92,2.18,0.47,0.17,0.34,0,0.82,0.59,0.27,1.34,1.3,0.8,0.25,1.29,0.03,1.85,0.08,0.46,0.03,0.82,0.18,2.2,3.05,2.69,1.42,1.54,0.86,0.74,0.01,1.44,0.09,0.14,1.09,0.28,0.12,0.32,0.55,0.01,0.04,0.12,0.01,0.03,0.02,1.11,0.16,0.27,1,0.24,0.44,0,0.29,0.83,0.15,2.25,0,0.67,0.6,0.03,0.03,0.24,0.16,0.18,0.43,2.74,7.52,1.66,2.02,1.07,0.86,0.84,1.58,0.72,1.84,20.06,0.73,1.48,0.91,3.2,1.65,1.9,1.36,1.15,1.3,0.27,0,0,0,0,0,0,0,0,0,0,0,0
2023/6,2.19,3.2,0.49,2.08,0.41,0.17,0.33,0,0.7,0.78,0.19,1.32,1.27,0.7,0.14,1.35,0.06,2.01,0.11,0.4,0.03,0.58,0.23,2.47,3.06,2.71,1.46,1.05,0.7,0.56,0.06,1.39,0.06,0.16,0.86,0.21,0.14,0.46,0.61,0.01,0.01,0.09,0,0.01,0.03,0.79,0.1,0.4,0.98,0.26,0.35,0,0.19,0.97,0.11,1.7,0,0.77,0.8,0,0,0.3,0.12,0.13,0.52,2.35,7.73,1.62,1.98,1.04,0.63,0.78,1.59,0.88,1.66,22.4,0.86,1.44,0.94,2.59,1.74,1.87,1.27,0.9,1.05,0.33,1.01,0,0,0,0,0,0,0,0,0,0,0
2023/7,1.61,4.1,0.66,1.78,0.65,0.09,0.41,0.01,0.97,0.78,0.12,0.89,1.34,1.05,0.26,1.34,0.01,2.57,0.08,0.35,0.01,0.79,0.38,2.42,2.24,2.27,1.54,0.95,0.79,1.12,0.12,1.26,0.04,0.14,1.1,0.1,0.06,0.31,0.85,0.02,0.04,0.09,0.08,0.04,0.01,0.87,0.13,0.35,0.52,0.46,0.29,0,0.16,0.58,0.11,1.86,0,0.63,0.49,0.02,0,0.23,0.12,0.19,0.57,2.62,6.53,0.89,1.85,1.24,0.51,0.51,1.46,0.24,0.95,20.42,1.27,0.63,1.12,1.68,0.82,2.14,1.37,0.86,0.48,0.19,8.81,0,0,0,0,0,0,0,0,0,0,0
2023/8,1.56,3.67,0.36,2.01,0.75,0.15,0.71,0.02,0.68,0.5,0.21,1.24,0.94,0.65,0.24,1.62,0,2.71,0.06,0.39,0,0.46,0.47,2.59,2.88,2.11,1.73,0.65,2.08,0.93,0.17,1.43,0.09,0.19,0.65,0.08,0.06,0.36,1,0.1,0.01,0.09,0.02,0.04,0.02,0.9,0.06,0.21,0.34,0.27,0.21,0,0.13,0.56,0.06,1.92,0,0.47,0.28,0,0,0.23,0.54,0.08,0.6,2,5.55,0.73,1.67,1.64,0.61,0.47,1.55,0.01,1.23,21.3,1.55,0.83,1.25,2.27,0.92,2.05,1.11,0.6,0.4,0.14,8.57,0,0,0,0,0,0,0,0,0,0,0
2023/9,1.6,3.7,0.65,1.92,0.47,0.06,0.64,0.03,0.76,0.87,0.23,0.99,0.84,0.97,0.22,1.07,0.04,2.65,0.15,0.33,0.01,0.41,0.39,2.78,2.47,1.5,1.33,0.69,1.52,0.66,0.19,1.28,0.05,0.23,1.29,0.1,0.03,0.22,0.38,0.09,0.01,0.11,0.03,0.03,0.03,0.85,0.04,0.38,0.4,0.44,0.19,0,0.17,0.45,0.06,2.27,0,0.61,0.31,0,0,0.24,0.44,0.14,0.35,2.42,5.75,0.85,1.66,1.84,0.61,0.49,1.3,0.06,0.71,20.54,0.78,0.44,0.62,2.98,0.59,2.88,1.02,0.79,0.54,0.07,9.17,2.53,0,0,0,0,0,0,0,0,0,0
2023/10,1.8,3.65,0.87,1.99,0.55,0.11,0.55,0.09,0.84,1.55,0.17,0.8,0.87,1,0.22,0.98,0.02,2.78,0.14,0.46,0,0.39,0.34,2.52,2.3,1.4,1.45,1.07,1.64,0.67,0.15,1.27,0.05,0.09,1.73,0.14,0.05,0.27,0.47,0.09,0.01,0.09,0.03,0,0.02,1.27,0.03,0.42,0.64,0.4,0.16,0,0.11,0.48,0.13,2.2,0,0.5,0.24,0.01,0,0.26,0.28,0.09,0.43,2.34,4.61,0.66,1.26,1.67,0.42,0.41,1.32,0.05,0.6,20.18,0.43,0.37,0.26,3.51,0.37,2.88,1.33,0.78,0.41,0.07,9.04,3.69,0,0,0,0,0,0,0,0,0,0
2023/11,1.92,3.17,0.6,2.15,0.33,0.03,0.3,0.13,0.67,1.96,0.16,1.02,1.02,0.89,0.21,1.46,0.02,3.05,0.04,0.48,0,0.32,0.25,3.38,2.28,1.32,1.32,0.64,1.95,0.58,0.17,1.33,0.05,0.12,1.8,0.11,0.04,0.24,0.3,0.07,0,0.12,0.01,0,0.01,0.72,0.03,0.56,0.39,0.21,0.08,0,0.08,0.33,0.14,1.77,0,0.76,0.38,0.01,0,0.17,0.28,0.02,0.31,2.19,4.48,0.38,1.73,1.59,0.34,0.51,1.16,0.01,0.61,22.01,0.24,0.27,0.18,3.67,0.3,2.93,0.89,0.7,0.28,0.02,8.81,3.66,0.77,0,0,0,0,0,0,0,0,0
2023/12,1.67,3.19,0.61,1.71,0.37,0.05,0.36,0.01,1.4,1.18,0.22,1.16,0.93,1.44,0.24,1.98,0.03,2.33,0.04,0.52,0,0.33,0.21,2.4,2.23,1.6,1.46,0.57,2.13,0.5,0.11,1.18,0.02,0.2,1.66,0.2,0.11,0.27,0.26,0.07,0.08,0.06,0.03,0.06,0.19,0.71,0.06,0.4,0.45,0.24,0.18,0,0.11,0.38,0.16,1.94,0,1.03,0.44,0,0,0.29,0.26,0.16,0.27,2.12,6.73,0.56,1.82,1.3,0.4,0.7,0.77,0.01,1.04,19.91,0.17,0.31,0.25,2.29,0.52,2.39,1.22,0.61,0.23,0.09,9.82,2.27,2.03,0,0,0,0,0,0,0,0,0
2024/1,1.64,2.8,0.52,1.7,0.39,0.02,0.33,0,1.43,1.09,0.18,1.04,0.63,1.38,0.17,2.27,0,2.3,0.01,0.53,0,0.2,0.17,2.52,2.43,1.28,1.21,0.46,1.67,0.35,0.14,1.04,0.06,0.04,1.63,0.21,0.11,0.22,0.23,0.06,0.12,0.05,0.09,0.13,0.25,0.66,0.02,0.58,0.47,0.1,0.21,0,0.06,0.31,0.12,2.13,0,0.66,0.2,0,0,0.35,0.21,0.09,0.22,1.65,7.44,0.88,2.3,1.15,0.32,0.34,0.72,0.02,0.99,20.76,0.19,0.19,0.17,2.95,0.67,2.61,1.39,0.55,0.26,0.1,10,2.5,2.41,0,0,0,0,0,0,0,0,0
2024/2,1.37,3.81,0.64,1.15,0.2,0.18,0.42,0.01,0.86,0.86,0.13,0.69,1.21,1.41,0.23,2.05,0.04,1.46,0.03,0.32,0,0.68,0.2,2.94,1.8,1.79,1.05,0.94,1.65,0.64,0.08,1.49,0.18,0.14,1,0.21,0.12,0.49,0.11,0.13,0.08,0.08,0.03,0.07,0.17,0.79,0.15,0.31,0.36,0.22,0.13,0,0.05,0.3,0.1,1.7,0,1.02,0.24,0.02,0,0.34,0.25,0.08,0.18,2.47,7.77,1.18,2.59,1.25,0.76,0.76,0.81,0.01,0.63,19.88,0.38,0.27,0.14,1.65,0.57,3.16,1.57,0.69,0.18,0.09,8.88,1.55,1.61,1.8,0,0,0,0,0,0,0,0
2024/3,1.31,3.51,0.56,0.84,0.27,0.71,0.57,0.02,1.02,0.77,0.11,0.8,1.14,1.72,0.34,1.38,0.02,1.91,0.11,0.38,0.03,0.86,0.52,1.47,2.25,1.98,1.07,1.48,1.46,1.03,0.05,1.69,0.19,0.42,0.93,0.43,0.1,0.67,0.13,0.15,0.1,0.06,0,0.08,0.14,0.91,0.15,0.22,0.24,0.32,0.07,0,0.07,0.16,0.12,2.09,0,0.62,0.08,0.01,0,0.48,0.48,0.12,0.22,2.66,5.88,1.02,1.37,1.53,0.56,0.57,0.8,0.09,0.84,19.59,0.34,0.95,0.21,1.92,0.93,3.27,1.8,1.38,0.19,0.06,6.77,1.62,0.9,3.58,0,0,0,0,0,0,0,0.01
2024/4,1.44,1.86,0.4,0.75,0.08,0.25,0.53,0.02,0.94,0.58,0.19,0.95,0.78,1.99,0.23,1.63,0.01,2.5,0.07,0.63,0.01,1.05,0.26,1.23,2.9,1.41,1.62,0.96,1.58,0.88,0.05,2.35,0.05,0.55,1.06,0.23,0.09,0.64,0.06,0.03,0.13,0.06,0.01,0.02,0.17,1.28,0.17,0.53,0.23,0.26,0.09,0,0.14,0.11,0.05,2.89,0,0.86,0.17,0,0,0.87,0.28,0.1,0.06,2.91,4.8,1.45,0.98,1.71,0.45,0.6,0.42,0.09,0.85,18.73,0.23,0.8,0.23,2.68,0.51,3.27,1.51,1.04,0.2,0.06,7.13,2.21,1.06,3.97,0.66,0,0,0.13,0,0,0,0.01
2024/5,1.33,1.53,0.24,0.63,0.26,0.09,0.43,0.02,0.91,1.09,0.12,1.28,1.16,2.02,0.15,2.35,0.02,2.47,0.04,1.05,0.02,1.02,0.33,2.16,2.85,1.11,1.74,0.55,1.83,0.59,0.05,1.51,0.05,0.54,1.11,0.19,0.05,0.7,0.29,0.04,0.18,0.06,0,0.1,0.19,1.59,0.06,0.55,0.31,0.09,0.07,0,0.14,0.1,0.06,2.47,0,1.42,0.32,0.03,0,0.74,0.15,0.09,0.25,2.57,4.89,1.32,1.38,1.81,0.51,0.93,0.46,0.06,0.91,18.94,0.18,0.35,0.25,2.32,0.4,2.83,1.1,0.55,0.14,0.06,7.14,2.28,1.12,3.13,1.35,0,0,0.14,0,0,0,0
2024/6,1.15,1.71,0.8,0.39,0.8,0.72,0.28,0.01,0.95,0.91,0.48,1.3,1.18,1.42,0.09,1.44,0.07,1.76,0.03,0.83,0.01,0.33,0.67,1.31,1.84,1.2,1.07,1.41,1.45,0.6,0.03,1.2,0.06,0.88,0.65,0.14,0.1,0.52,0.37,0.03,0.06,0.02,0.03,0.11,0.1,0.83,0.02,0.2,0.27,0.1,0.45,0,0.09,0.11,0.03,1.71,0,1.31,0.1,0,0,0.95,0.21,0.06,0.3,2.35,4.32,0.72,1.09,1.21,0.79,0.66,1.02,0.05,0.49,15.5,0.49,0.39,0.52,1.52,0.63,1.53,1.37,0.73,0.38,0.01,6.61,0.92,0.43,1.08,0.86,17.05,0,0.04,0,0,0,0
2024/7,1.18,0.95,0.6,0.1,0.44,1.5,0.17,0,1.19,0.24,0.64,1.18,0.67,0.78,0.11,0.92,0.22,2.03,0.04,0.42,0.01,0.09,1.16,0.4,1.29,1.21,0.29,1.66,1.07,0.65,0.03,1.76,0.06,0.51,0.3,0.21,0.04,0.36,0.08,0.08,0,0.28,0.02,0.01,0.05,0.19,0.03,0.03,0.05,0.15,0.99,0,0.01,0.2,0.06,1.59,0,1.45,0.12,0.01,0.01,1.05,1.19,0.05,0.09,2.02,3.77,0.58,0.88,1.13,1.11,0.43,1.21,0.01,0.14,11.71,0.4,0.38,0.29,1.68,1.27,1.08,1.62,1.16,0.22,0,7.12,0.29,0.21,0.31,0.34,28.34,0.03,0.01,0.01,0,0,0
2024/8,1.65,0.78,0.6,0.1,0.99,1.21,0.12,0,1.01,0.15,0.78,0.86,0.75,0.93,0.1,0.91,0.16,1.67,0.1,0.7,0.02,0.13,1,0.32,1.54,1.25,0.44,2.26,1.44,0.71,0.02,1.64,0.1,0.79,0.15,0.11,0.06,0.51,0.05,0.1,0,0.24,0.01,0.01,0.03,0.22,0.03,0.05,0.08,0.1,1.26,0,0.05,0.2,0.05,1.57,0,1.33,0.46,0,0,1.25,1.52,0.06,0.09,1.8,3.09,0.83,1.05,1.18,0.87,0.57,0.92,0.02,0.32,9.58,0.6,0.67,0.76,1.23,0.83,0.9,1.71,0.7,0.61,0.01,6.68,0.27,0.23,0.28,0.28,28.62,0,0.01,0.56,0,0,0
2024/9,1.99,1.13,0.64,0.21,0.85,0.23,0.11,0.02,0.28,0.1,1.14,0.86,0.9,0.52,0.22,0.94,0.13,1.51,0.08,0.8,0.01,0.09,0.27,0.53,2.1,0.81,0.6,1.7,1.7,0.53,0.1,0.92,0.06,0.64,0.26,0.04,0.07,0.29,0.05,0.15,0.01,0.26,0,0,0.05,0.37,0.03,0,0.06,0.06,1.56,0,0.06,0.45,0.05,1.6,0,0.6,0.41,0.03,0,1.11,0.89,0.07,0.07,1.11,3.26,0.46,1.34,0.96,1.17,0.5,0.89,0.02,0.15,12.16,0.57,0.61,0.7,0.54,0.52,0.94,1.19,0.48,0.67,0.01,7.44,0.18,0.26,0.6,1.18,30.06,0.03,0,0.5,0.19,0,0
2024/10,1.97,1.42,0.45,0.36,0.51,0.61,0.19,0.01,0.26,0.11,1.47,1.08,1.14,0.61,0.11,0.96,0.05,1.4,0.12,0.51,0,0.08,0.15,0.28,2.25,0.53,0.38,0.96,1.02,0.48,0.19,0.79,0.05,0.42,0.56,0.05,0.09,0.3,0.03,0.1,0.02,0.14,0.01,0.01,0.02,0.39,0.01,0.03,0.05,0.03,1.06,0,0.1,0.37,0.07,1.75,0,0.33,0.16,0.02,0.01,1.35,0.56,0.06,0.02,0.66,2.96,0.52,1.5,0.98,1.24,0.25,2.08,0.01,0.23,10.35,0.51,0.76,0.42,0.78,0.25,0.95,1.4,0.48,0.49,0.02,7.15,0.19,0.21,0.61,0.59,32.44,0.02,0.03,1.27,2.02,0,0
2024/11,1.41,1.39,0.38,0.26,0.52,0.79,0.4,0.02,0.15,0.15,1.44,0.98,1.07,0.35,0.14,0.83,0.05,1.55,0.11,0.56,0.01,0.09,0.06,0.2,1.7,0.77,0.35,1.09,0.77,0.56,0.05,1,0.07,0.79,0.73,0.06,0.08,0.25,0.13,0.1,0.01,0.15,0.01,0.01,0,0.19,0.01,0.03,0.05,0.06,0.84,0,0.07,0.2,0.06,2.15,0,0.25,0.13,0,0.01,0.79,0.75,0.06,0.03,0.76,2.66,0.54,1.57,0.97,1.35,0.21,2.1,0.02,0.17,7.05,0.39,1.03,0.77,0.88,0.17,0.41,2.05,0.48,0.6,0.01,6.69,0.28,0.2,0.36,0.34,36.43,0.02,0.01,1.18,2.84,0.18,0
2024/12,1.64,1.14,0.53,0.36,0.55,0.54,0.44,0.04,0.25,0.4,1.15,0.95,0.66,0.47,0.13,0.81,0.12,1.56,0.12,0.46,0.04,0.16,0.1,0.11,1.46,1.19,0.66,1.53,1.17,0.83,0.22,1.38,0.1,1.96,1.02,0.09,0.1,0.27,0.09,0.12,0.02,0.13,0.01,0.02,0.03,0.23,0,0.03,0.04,0.04,0.91,0,0.06,0.29,0.04,2.1,0,0.15,0.18,0.06,0.01,0.88,0.59,0.08,0.04,0.93,3.12,0.86,1.99,1.1,1.26,0.12,1.3,0.09,0.13,7.06,0.47,0.82,0.62,0.85,0.14,0.52,1.73,0.53,0.48,0.02,5.66,0.19,0.43,0.34,0.36,34.26,0.05,0.03,0.87,2.57,0.23,0